Time,Voltage,Calcium,Protein,Gene,LFP,Cell
0.13727,10,2.75117,H,N,0.05734,Cell-1
0.68636,9.28419,2.74632,H,N,0.20719,Cell-1
1.23545,8.72115,2.74149,H,N,0.35591,Cell-1
1.78455,8.18085,2.73666,H,N,0.5035,Cell-1
2.33364,7.66324,2.73184,H,N,0.64994,Cell-1
2.88273,7.16827,2.72703,H,N,0.79525,Cell-1
3.43182,6.69588,2.72223,M,N,0.93943,Cell-1
3.98091,6.24603,2.71744,M,N,1.08246,Cell-1
4.53,5.81866,2.71265,M,N,1.22436,Cell-1
5.07909,5.41373,2.70788,M,N,1.36513,Cell-1
5.62818,5.03117,2.70311,M,N,1.50476,Cell-1
6.17727,4.67095,2.69835,M,N,1.64325,Cell-1
6.72636,4.33301,2.6936,M,N,1.7806,Cell-1
7.27545,4.01729,2.68886,M,N,1.91682,Cell-1
7.82455,3.72376,2.68412,M,N,2.0519,Cell-1
8.37364,3.45235,1.74302,L,Y,2.18584,Cell-1
8.92273,3.20301,1.73995,L,Y,2.31865,Cell-1
9.47182,2.97569,1.73689,L,Y,2.45032,Cell-1
10.02091,2.77035,1.73383,L,Y,2.58085,Cell-1
10.57,2.58693,1.73078,L,Y,2.71025,Cell-1
11.11909,2.42538,1.72773,L,Y,2.83851,Cell-1
11.66818,2.28565,1.72469,L,Y,2.96564,Cell-1
12.21727,2.16769,1.72165,L,Y,2.52358,Cell-1
12.76636,1.97443,1.71862,L,Y,2.51914,Cell-1
13.31545,2.12587,1.7156,L,Y,2.5147,Cell-1
13.86455,2.29384,1.71258,L,Y,2.51027,Cell-1
14.41364,2.47896,1.70956,L,Y,2.50585,Cell-1
14.96273,2.68183,1.70655,L,Y,2.50144,Cell-1
15.51182,2.90305,1.70355,L,Y,2.49704,Cell-1
16.06091,3.14324,1.70055,L,Y,2.49264,Cell-1
16.61,3.403,1.69755,L,Y,2.48825,Cell-1
17.15909,3.68293,1.69456,M,N,2.48387,Cell-1
17.70818,3.98365,1.69158,M,N,2.4795,Cell-1
18.25727,4.30576,1.6886,M,N,2.47513,Cell-1
18.80636,4.64986,1.68563,M,N,2.47078,Cell-1
19.35545,5.01656,1.68266,M,N,2.46643,Cell-1
19.90455,5.40647,1.96838,M,N,2.46208,Cell-1
20.45364,5.8202,1.97185,M,N,2.45775,Cell-1
21.00273,6.25835,1.97533,M,N,4.95284,Cell-1
21.55182,6.72153,1.97881,M,N,5.05951,Cell-1
22.10091,7.21034,1.9823,M,N,5.16503,Cell-1
22.65,7.72539,2.00691,M,N,5.26943,Cell-1
23.19909,8.26729,2.01045,M,N,5.37268,Cell-1
23.74818,8.83664,2.01399,M,N,5.4748,Cell-1
24.29727,9.43405,2.01755,M,N,5.57578,Cell-1
24.84636,10.06013,2.0211,M,N,5.67562,Cell-1
25.39545,10,2.00337,M,N,5.77433,Cell-1
25.94455,9.28419,1.46657,M,N,5.8719,Cell-1
26.49364,8.72115,1.46916,M,N,5.96834,Cell-1
27.04273,8.18085,1.47175,M,N,6.06364,Cell-1
27.59182,7.66324,1.47434,M,N,6.1578,Cell-1
28.14091,7.16827,1.47694,M,N,6.25082,Cell-1
28.69,6.69588,1.47955,M,N,6.34271,Cell-1
29.23909,6.24603,1.48216,M,N,6.43346,Cell-1
29.78818,5.81866,1.48477,M,N,6.52308,Cell-1
30.33727,5.41373,1.74302,M,N,6.61156,Cell-1
30.88636,5.03117,1.73995,H,N,6.6989,Cell-1
31.43545,4.67095,1.73689,H,N,6.78511,Cell-1
31.98455,4.33301,1.73383,H,N,6.87017,Cell-1
32.53364,4.01729,1.73078,H,N,6.95411,Cell-1
33.08273,3.72376,1.72773,H,N,7.0369,Cell-1
33.63182,3.45235,1.72469,L,Y,7.11856,Cell-1
34.18091,3.20301,1.72165,L,Y,7.19908,Cell-1
34.73,2.97569,1.71862,L,Y,7.27847,Cell-1
35.27909,2.77035,1.7156,L,Y,7.35672,Cell-1
35.82818,2.58693,1.71258,L,Y,7.43383,Cell-1
36.37727,2.42538,1.70956,L,Y,7.5098,Cell-1
36.92636,2.28565,1.70655,L,Y,7.58464,Cell-1
37.47545,2.16769,1.70355,L,Y,7.65835,Cell-1
38.02455,1.97443,1.70055,L,Y,7.73091,Cell-1
38.57364,2.12587,1.69755,L,Y,7.80234,Cell-1
39.12273,2.29384,1.69456,L,Y,7.87263,Cell-1
39.67182,2.47896,1.69158,L,Y,7.94179,Cell-1
40.22091,2.68183,1.6886,L,Y,8.00981,Cell-1
40.77,2.90305,1.68563,L,Y,8.07669,Cell-1
41.31909,3.14324,1.68266,L,Y,8.14244,Cell-1
41.86818,3.403,1.96838,L,Y,8.20705,Cell-1
42.41727,3.68293,1.97185,M,N,8.27052,Cell-1
42.96636,3.98365,1.97533,M,N,8.33285,Cell-1
43.51545,4.30576,1.97881,M,N,8.39405,Cell-1
44.06455,4.64986,1.9823,M,N,8.45412,Cell-1
44.61364,5.01656,1.9858,M,N,8.51304,Cell-1
45.16273,5.40647,1.9893,M,N,8.57083,Cell-1
45.71182,5.8202,1.99281,M,N,8.62748,Cell-1
46.26091,6.25835,1.99633,M,N,8.683,Cell-1
46.81,6.72153,1.99985,M,N,8.73738,Cell-1
47.35909,7.21034,2.00337,M,N,8.79062,Cell-1
47.90818,7.72539,2.00691,H,N,8.84273,Cell-1
48.45727,8.26729,1.99923,H,N,8.8937,Cell-1
49.00636,8.83664,1.91399,H,N,8.94353,Cell-1
49.55545,9.43405,1.91755,H,N,8.99223,Cell-1
50.10455,10.06013,1.82134,H,N,9.03979,Cell-1
50.65364,10,1.79267,H,N,9.08621,Cell-1
51.20273,9.28419,1.67134,H,N,9.1315,Cell-1
51.75182,8.72115,1.59892,H,N,9.17565,Cell-1
52.30091,8.18085,1.4258,H,N,9.21866,Cell-1
52.85,7.66324,1.42831,M,N,9.26054,Cell-1
53.39909,7.16827,1.43083,M,N,9.30128,Cell-1
53.94818,6.69588,1.43336,M,N,9.34088,Cell-1
54.49727,6.24603,1.43588,M,N,9.37935,Cell-1
55.04636,5.81866,1.43842,M,N,9.41668,Cell-1
55.59545,5.41373,1.44095,M,N,9.45287,Cell-1
56.14455,5.03117,1.4435,M,N,9.48793,Cell-1
56.69364,4.67095,1.44604,M,N,9.52185,Cell-1
57.24273,4.33301,1.44859,M,N,9.55463,Cell-1
57.79182,4.01729,1.45115,M,N,9.58628,Cell-1
58.34091,3.72376,1.45371,M,N,9.61679,Cell-1
58.89,3.45235,1.45627,L,Y,9.64616,Cell-1
59.43909,3.20301,1.45884,L,Y,9.6744,Cell-1
59.98818,2.97569,1.46141,L,Y,9.7015,Cell-1
60.53727,2.77035,1.46399,L,Y,9.72746,Cell-1
61.08636,2.58693,2.0936,L,Y,9.75229,Cell-1
61.63545,2.42538,2.0973,L,Y,9.77598,Cell-1
62.18455,2.28565,2.101,L,Y,9.79853,Cell-1
62.73364,2.16769,2.1047,L,Y,9.81995,Cell-1
63.28273,1.97443,2.10841,L,Y,9.84023,Cell-1
63.83182,2.12587,2.79023,L,Y,9.85937,Cell-1
64.38091,2.29384,2.78531,L,Y,9.87738,Cell-1
64.93,2.47896,2.78041,L,Y,9.89425,Cell-1
65.47909,2.68183,2.77551,L,Y,9.90998,Cell-1
66.02818,2.90305,2.77063,L,Y,9.92458,Cell-1
66.57727,3.14324,2.76575,L,Y,9.93804,Cell-1
67.12636,3.403,2.76088,L,Y,9.95037,Cell-1
67.67545,3.68293,2.75602,M,N,9.96155,Cell-1
68.22455,3.98365,2.75117,M,N,9.9716,Cell-1
68.77364,4.30576,2.74632,M,N,9.98052,Cell-1
69.32273,4.64986,2.74149,M,N,9.9883,Cell-1
69.87182,5.01656,2.73666,M,N,9.99494,Cell-1
70.42091,5.40647,2.73184,M,N,10.00044,Cell-1
70.97,5.8202,2.72703,M,N,10.00481,Cell-1
71.51909,6.25835,2.72223,M,N,10.00804,Cell-1
72.06818,6.72153,2.71744,M,N,10.01013,Cell-1
72.61727,7.21034,2.71265,M,N,10.01109,Cell-1
73.16636,7.72539,2.70788,H,N,10.01091,Cell-1
73.71545,8.26729,2.70311,H,N,10.0096,Cell-1
74.26455,8.83664,2.69835,H,N,10.00715,Cell-1
74.81364,9.43405,2.6936,H,N,10.00356,Cell-1
75.36273,10.06013,2.68886,H,N,9.99883,Cell-1
75.91182,10,2.68412,H,N,9.99297,Cell-1
75.91182,10,2.68412,H,N,9.99297,Cell 01
0.13727,9.94266,2.74146,H,N,9.99297,Cell-2
0.68636,9.85294,2.89605,H,N,9.99883,Cell-2
1.23545,9.07814,3.04951,H,N,10.00356,Cell-2
1.78455,8.33314,3.20185,H,N,10.00715,Cell-2
2.33364,7.61735,3.35305,H,N,10.0096,Cell-2
2.88273,6.93014,3.50313,H,N,10.01091,Cell-2
3.43182,6.27091,3.65208,M,N,10.01109,Cell-2
3.98091,5.63907,3.7999,M,N,10.01013,Cell-2
4.53,5.03399,3.94659,M,N,10.00804,Cell-2
5.07909,4.45507,4.09216,M,N,10.00481,Cell-2
5.62818,3.90171,4.2366,M,N,10.00044,Cell-2
6.17727,3.37331,4.37991,M,N,9.99494,Cell-2
6.72636,2.86926,4.52209,M,N,9.9883,Cell-2
7.27545,2.38894,4.66314,M,N,9.98052,Cell-2
7.82455,1.93175,4.80307,M,N,9.9716,Cell-2
8.37364,3.62559,2.81336,M,N,9.96155,Cell-2
8.92273,3.19581,2.96807,M,N,9.95037,Cell-2
9.47182,2.78733,3.12166,M,N,9.93804,Cell-2
10.02091,2.39955,3.27413,M,N,9.92458,Cell-2
10.57,2.03189,3.42545,M,N,9.90998,Cell-2
11.11909,1.68371,3.57566,L,Y,9.89425,Cell-2
11.66818,1.35441,3.72474,L,Y,9.87738,Cell-2
12.21727,1.04341,3.87269,L,Y,9.85937,Cell-2
12.76636,0.75007,3.33277,L,Y,9.84023,Cell-2
13.31545,0.80256,3.46983,L,Y,9.81995,Cell-2
13.86455,0.78089,3.60576,L,Y,9.79853,Cell-2
14.41364,0.78213,3.74055,L,Y,9.77598,Cell-2
14.96273,0.80633,3.8742,L,Y,9.75229,Cell-2
15.51182,0.85353,4.00674,L,Y,9.72746,Cell-2
16.06091,0.92379,4.13814,L,Y,9.7015,Cell-2
16.61,3.14567,2.13991,M,N,9.6744,Cell-2
17.15909,3.24516,2.28609,M,N,9.64616,Cell-2
17.70818,3.36785,2.43115,M,N,9.61679,Cell-2
18.25727,3.51379,2.57509,M,N,9.58628,Cell-2
18.80636,3.68307,2.71788,M,N,9.55463,Cell-2
19.35545,3.8757,2.85955,M,N,9.52185,Cell-2
19.90455,4.09174,3.00009,M,N,9.48793,Cell-2
20.45364,4.33127,3.13949,M,N,9.45287,Cell-2
21.00273,4.5943,3.27777,M,N,9.41668,Cell-2
21.55182,4.8809,3.41493,M,N,9.37935,Cell-2
22.10091,1.06948,2.176691,M,N,9.34088,Cell-2
22.65,0.76074,2.172863,M,N,9.30128,Cell-2
23.19909,0.46967,2.169035,M,N,9.26054,Cell-2
23.74818,0.52444,2.165218,M,N,9.21866,Cell-2
24.29727,0.50505,1.850926,M,N,9.17565,Cell-2
24.84636,0.50856,1.854193,M,N,9.1315,Cell-2
25.39545,0.53503,1.85746,H,N,9.08621,Cell-2
25.94455,2.71301,1.860738,H,N,9.03979,Cell-2
26.49364,2.7685,1.864016,H,N,8.99223,Cell-2
27.04273,2.8471,1.867305,H,N,8.94353,Cell-2
27.59182,2.94885,1.870605,H,N,8.8937,Cell-2
28.14091,3.07382,1.873905,H,N,8.84273,Cell-2
28.69,3.22204,1.877205,H,N,8.79062,Cell-2
29.23909,3.39358,1.880516,H,N,8.73738,Cell-2
29.78818,3.58849,1.883838,H,N,8.683,Cell-2
30.33727,3.80681,1.88716,M,N,8.62748,Cell-2
30.88636,4.0486,1.890482,M,N,8.57083,Cell-2
31.43545,4.3139,1.893815,M,N,8.51304,Cell-2
31.98455,4.60278,1.897159,M,N,8.45412,Cell-2
32.53364,4.91528,1.900503,M,N,8.39405,Cell-2
33.08273,5.25145,1.903858,M,N,8.33285,Cell-2
33.63182,5.61134,1.907213,M,N,8.27052,Cell-2
34.18091,8.12351,1.910579,M,N,8.20705,Cell-2
34.73,8.51396,1.913945,M,N,8.14244,Cell-2
35.27909,8.92828,1.917322,M,N,8.07669,Cell-2
35.82818,9.4965,2.48385,M,N,8.00981,Cell-2
36.37727,5.19112,2.63101,L,Y,7.94179,Cell-2
36.92636,5.52502,2.77702,L,Y,7.87263,Cell-2
37.47545,5.88264,2.92191,L,Y,7.80234,Cell-2
38.02455,6.26403,3.06568,L,Y,7.73091,Cell-2
38.57364,6.66925,3.20831,L,Y,7.65835,Cell-2
39.12273,9.22685,3.3498,L,Y,7.58464,Cell-2
39.67182,9.79281,3.49016,L,Y,7.5098,Cell-2
40.22091,9.70422,3.6294,L,Y,7.43383,Cell-2
40.77,8.93055,3.7675,L,Y,7.35672,Cell-2
41.31909,8.1867,1.77596,M,N,7.27847,Cell-2
41.86818,7.47204,1.92884,M,N,7.19908,Cell-2
42.41727,6.78596,2.0806,M,N,7.11856,Cell-2
42.96636,6.12788,2.23123,M,N,7.0369,Cell-2
43.51545,5.49717,2.38072,M,N,6.95411,Cell-2
44.06455,4.89322,2.52908,M,N,6.87017,Cell-2
44.61364,4.31544,2.67632,M,N,6.78511,Cell-2
45.16273,3.76322,2.82241,M,N,6.6989,Cell-2
45.71182,3.23596,2.96738,M,N,6.61156,Cell-2
46.26091,2.73304,2.8499,M,N,6.52308,Cell-2
46.81,2.25386,2.98692,M,N,6.43346,Cell-2
47.35909,3.92631,3.1228,M,N,6.34271,Cell-2
47.90818,3.47574,3.25754,M,N,6.25082,Cell-2
48.45727,3.04709,3.39116,M,N,6.1578,Cell-2
49.00636,2.63974,3.52365,H,N,6.06364,Cell-2
49.55545,2.25311,1.5265,H,N,5.96834,Cell-2
50.10455,1.88658,1.67376,H,N,5.8719,Cell-2
50.65364,9.64409,1.8199,H,N,5.77433,Cell-2
51.20273,9.55663,1.96491,H,N,5.67562,Cell-2
51.75182,8.78411,2.10878,H,N,5.57578,Cell-2
52.30091,8.04139,2.25152,H,N,5.4748,Cell-2
52.85,7.32786,2.39314,M,N,5.37268,Cell-2
53.39909,6.64293,2.53361,M,N,5.26943,Cell-2
53.94818,5.98598,2.67295,M,N,5.16503,Cell-2
54.49727,5.3564,2.81117,M,N,5.05951,Cell-2
55.04636,4.75359,2.94826,M,N,4.95284,Cell-2
55.59545,4.17695,3.0842,M,N,2.45775,Cell-2
56.14455,3.62587,3.21902,M,N,2.46208,Cell-2
56.69364,3.09974,3.3527,M,N,2.46643,Cell-2
57.24273,2.59796,3.48526,M,N,2.47078,Cell-2
57.79182,4.24842,1.48817,M,N,2.47513,Cell-2
58.34091,3.77646,1.6355,M,N,2.4795,Cell-2
58.89,3.32702,1.78171,M,N,2.48387,Cell-2
59.43909,2.8995,1.92679,L,Y,2.48825,Cell-2
59.98818,2.4933,2.07072,L,Y,2.49264,Cell-2
60.53727,2.1078,2.21353,L,Y,2.49704,Cell-2
61.08636,1.7424,2.35521,L,Y,2.50144,Cell-2
61.63545,1.3965,2.49575,L,Y,2.50585,Cell-2
62.18455,0.71845,2.63516,M,N,2.51027,Cell-2
62.73364,2.91835,2.77345,M,N,2.5147,Cell-2
63.28273,2.99582,2.9106,M,N,2.51914,Cell-2
63.83182,3.09644,3.04661,M,N,2.52358,Cell-2
64.38091,3.22026,3.18149,M,N,2.96564,Cell-2
64.93,3.36735,3.31525,M,N,2.83851,Cell-2
65.47909,3.53776,3.44787,M,N,2.71025,Cell-2
66.02818,3.73152,2.95085,M,N,2.58085,Cell-2
66.57727,3.94871,2.49824,M,N,2.45032,Cell-2
67.12636,4.18937,2.24451,M,N,2.31865,Cell-2
67.67545,4.45353,2.38966,M,N,2.18584,Cell-2
68.22455,4.74127,2.53366,M,N,2.0519,Cell-2
68.77364,5.05263,2.67653,M,N,1.91682,Cell-2
69.32273,5.38767,2.81828,M,N,1.7806,Cell-2
69.87182,5.74642,2.95888,H,N,1.64325,Cell-2
70.42091,6.12895,3.09836,H,N,1.50476,Cell-2
70.97,8.66381,3.23671,H,N,1.36513,Cell-2
71.51909,9.077,3.37393,H,N,1.22436,Cell-2
72.06818,9.64409,3.01001,H,N,1.08246,Cell-2
72.61727,9.55663,3.14495,H,N,0.93943,Cell-2
73.16636,8.92828,3.27877,H,N,0.79525,Cell-2
73.71545,8.51396,3.41145,H,N,0.64994,Cell-2
74.26455,8.12351,1.4145,H,N,0.5035,Cell-2
74.81364,8.61134,1.56196,H,N,0.35591,Cell-2
75.36273,8.25145,1.70829,M,N,0.20719,Cell-2
75.91182,7.91528,1.8535,M,N,0.05734,Cell-2
75.91182,7.91528,1.8535,M,N,0.05734,Cell 02
13.86455,11.50476,0.9624033333,H,N,5.77433,Cell-3
5.07909,4.56814,1.266606667,M,N,7.19908,Cell-3
0.13727,2.35118,1.675446667,L,Y,7.87263,Cell-3
0.68636,2.33306,1.628486667,L,Y,7.80234,Cell-3
1.23545,2.33034,1.581913333,L,Y,7.73091,Cell-3
1.78455,2.67119,1.535716667,L,Y,7.65835,Cell-3
2.33364,2.93559,1.489903333,L,Y,7.58464,Cell-3
2.88273,3.22063,1.444476667,L,Y,7.5098,Cell-3
3.43182,3.52636,1.399436667,L,Y,7.43383,Cell-3
3.98091,3.85281,1.35478,L,Y,7.35672,Cell-3
4.53,4.20005,1.3105,M,N,7.27847,Cell-3
5.62818,4.95711,1.223103333,M,N,7.11856,Cell-3
6.17727,5.36701,1.17998,M,N,7.0369,Cell-3
6.72636,5.79789,1.137246667,M,N,6.95411,Cell-3
7.27545,6.24983,1.09489,M,N,6.87017,Cell-3
7.82455,6.72285,1.052923333,M,N,6.78511,Cell-3
8.37364,5.08851,1.720836667,M,N,6.6989,Cell-3
8.92273,5.62092,1.773956667,M,N,6.61156,Cell-3
9.47182,6.17457,1.466133333,M,N,6.52308,Cell-3
10.02091,6.74953,1.414326667,M,N,6.43346,Cell-3
10.57,7.34582,1.362903333,M,N,6.34271,Cell-3
11.11909,7.96352,1.311856667,M,N,6.25082,Cell-3
11.66818,8.60267,1.261196667,M,N,6.1578,Cell-3
12.21727,9.26331,1.11093,H,N,6.06364,Cell-3
12.76636,9.94551,1.06104,H,N,5.96834,Cell-3
13.31545,10.64932,1.011526667,H,N,5.8719,Cell-3
14.41364,11.70338,0.91366,H,N,5.67562,Cell-3
14.96273,11.21465,0.8653066667,M,N,5.57578,Cell-3
15.51182,10.75346,0.81733,M,N,5.4748,Cell-3
16.06091,10.31919,0.7697433333,M,N,5.37268,Cell-3
16.61,7.78273,1.432036667,M,N,5.26943,Cell-3
17.15909,7.41753,1.379526667,M,N,5.16503,Cell-3
17.70818,7.07744,1.327403333,M,N,5.05951,Cell-3
18.25727,6.76185,1.275666667,M,N,4.95284,Cell-3
18.80636,6.47014,1.224303333,M,N,2.45775,Cell-3
19.35545,6.20172,1.173336667,M,N,2.46208,Cell-3
19.90455,5.95599,1.122736667,M,N,2.46643,Cell-3
20.45364,5.73232,1.07254,M,N,2.47078,Cell-3
21.00273,5.53012,1.02271,M,N,2.47513,Cell-3
21.55182,5.34878,0.9732666667,M,N,2.4795,Cell-3
22.10091,5.18769,0.9242133333,M,N,2.48387,Cell-3
22.65,5.04625,0.87554,M,N,2.48825,Cell-3
23.19909,4.92384,0.8272466667,M,N,2.49264,Cell-3
23.74818,4.81987,0.77934,M,N,2.49704,Cell-3
24.29727,4.73373,0.7318133333,M,N,2.50144,Cell-3
24.84636,2.5363,1.394176667,M,N,2.50585,Cell-3
25.39545,2.50103,1.341736667,M,N,2.51027,Cell-3
25.94455,2.48178,1.289683333,M,N,2.5147,Cell-3
26.49364,2.47793,1.238006667,M,N,2.51914,Cell-3
27.04273,2.81763,1.186713333,M,N,2.52358,Cell-3
27.59182,3.0809,1.135806667,M,N,2.96564,Cell-3
28.14091,3.36481,1.085286667,M,N,2.83851,Cell-3
28.69,3.66939,1.03515,L,Y,2.71025,Cell-3
29.23909,3.99471,0.98539,L,Y,2.58085,Cell-3
29.78818,4.34082,0.9360066667,L,Y,2.45032,Cell-3
30.33727,4.70777,0.8870133333,L,Y,2.31865,Cell-3
30.88636,5.0956,0.83841,L,Y,2.18584,Cell-3
31.43545,5.50436,0.7901866667,M,N,2.0519,Cell-3
31.98455,5.93411,0.74234,M,N,1.91682,Cell-3
32.53364,6.38491,0.6948833333,M,N,1.7806,Cell-3
33.08273,4.72829,1.357306667,M,N,1.64325,Cell-3
33.63182,5.23836,1.304936667,M,N,1.50476,Cell-3
34.18091,5.76964,1.252943333,M,N,1.36513,Cell-3
34.73,6.32216,1.201336667,H,N,1.22436,Cell-3
35.27909,6.89597,1.150113333,H,N,1.08246,Cell-3
35.82818,7.49113,2.679236667,H,N,0.93943,Cell-3
36.37727,8.1077,2.634046667,H,N,0.79525,Cell-3
36.92636,8.7457,2.751516667,H,N,0.64994,Cell-3
37.47545,9.40521,2.706446667,H,N,0.5035,Cell-3
38.02455,10.08628,2.661773333,H,N,0.35591,Cell-3
38.57364,10.78895,2.617476667,H,N,0.20719,Cell-3
39.12273,11.64325,2.573583333,H,N,0.05734,Cell-3
39.67182,11.7806,2.589243333,H,N,9.99297,Cell-3
40.22091,11.97695,2.544816667,H,N,9.99883,Cell-3
40.77,11.48595,2.500793333,H,N,10.00356,Cell-3
41.31909,8.89398,2.457146667,H,N,10.00715,Cell-3
41.86818,8.47448,2.413886667,H,N,10.0096,Cell-3
42.41727,8.0813,2.37102,H,N,10.01091,Cell-3
42.96636,7.71384,2.32854,M,N,10.01109,Cell-3
43.51545,7.37147,2.286446667,M,N,10.01013,Cell-3
44.06455,7.0536,2.244733333,M,N,10.00804,Cell-3
44.61364,6.75963,2.20342,M,N,10.00481,Cell-3
45.16273,6.48893,2.162486667,M,N,10.00044,Cell-3
45.71182,6.24092,2.12194,M,N,9.99494,Cell-3
46.26091,6.01499,1.836323333,M,N,9.9883,Cell-3
46.81,5.81052,1.885306667,M,N,9.98052,Cell-3
47.35909,5.6269,1.93391,M,N,9.9716,Cell-3
47.90818,5.46353,1.982133333,M,N,9.96155,Cell-3
48.45727,5.31982,2.02999,M,N,9.95037,Cell-3
49.00636,5.19514,2.077476667,M,N,9.93804,Cell-3
49.55545,2.96039,1.415083333,M,N,9.92458,Cell-3
50.10455,2.88902,1.467493333,L,Y,9.90998,Cell-3
50.65364,2.83487,1.519526667,L,Y,9.89425,Cell-3
51.20273,2.79734,1.571193333,L,Y,9.87738,Cell-3
51.75182,2.77581,1.622486667,L,Y,9.85937,Cell-3
52.30091,2.76968,1.843326667,L,Y,9.84023,Cell-3
52.85,3.10712,1.791556667,L,Y,9.81995,Cell-3
53.39909,3.36811,1.74018,L,Y,9.79853,Cell-3
53.94818,3.64974,1.68918,L,Y,9.77598,Cell-3
54.49727,3.95206,1.638556667,L,Y,9.75229,Cell-3
55.04636,4.27511,1.588333333,L,Y,9.72746,Cell-3
55.59545,4.61894,1.53849,M,N,9.7015,Cell-3
56.14455,4.98361,1.489036667,M,N,9.6744,Cell-3
56.69364,5.36917,1.43996,M,N,9.64616,Cell-3
57.24273,5.77566,1.391273333,M,N,9.61679,Cell-3
57.79182,4.07463,1.38573,M,N,9.58628,Cell-3
58.34091,4.5402,1.434706667,M,N,9.55463,Cell-3
58.89,5.02686,1.48407,M,N,9.52185,Cell-3
59.43909,5.53467,1.533813333,M,N,9.48793,Cell-3
59.98818,6.06367,1.583946667,M,N,9.45287,Cell-3
60.53727,6.61391,1.63447,M,N,9.41668,Cell-3
61.08636,7.18546,1.68537,M,N,9.37935,Cell-3
61.63545,7.77834,1.736656667,M,N,9.34088,Cell-3
62.18455,8.39263,1.788326667,M,N,9.30128,Cell-3
62.73364,9.02837,1.840383333,M,N,9.26054,Cell-3
63.28273,9.68561,1.892826667,H,N,9.21866,Cell-3
63.83182,10.3644,1.945663333,H,N,9.17565,Cell-3
64.38091,11.06479,1.998876667,H,N,9.1315,Cell-3
64.93,11.91682,2.052476667,H,N,9.08621,Cell-3
65.47909,12.11203,1.337133333,H,N,9.03979,Cell-3
66.02818,9.49139,1.998436667,H,N,8.99223,Cell-3
66.57727,9.04383,1.944926667,H,N,8.94353,Cell-3
67.12636,8.6232,1.891813333,M,N,8.8937,Cell-3
67.67545,8.22889,1.839076667,M,N,8.84273,Cell-3
68.22455,7.86028,1.786723333,M,N,8.79062,Cell-3
68.77364,7.51678,1.734766667,M,N,8.73738,Cell-3
69.32273,7.19778,1.683186667,M,N,8.683,Cell-3
69.87182,6.90266,1.63199,M,N,8.62748,Cell-3
70.42091,6.63083,1.58118,M,N,8.57083,Cell-3
70.97,6.38169,1.530756667,M,N,8.51304,Cell-3
71.51909,6.15462,1.480713333,M,N,8.45412,Cell-3
72.06818,5.94901,1.43106,M,N,8.39405,Cell-3
72.61727,5.76425,1.381796667,M,N,8.33285,Cell-3
73.16636,5.59975,1.33291,M,N,8.27052,Cell-3
73.71545,5.4549,1.284413333,M,N,8.20705,Cell-3
74.26455,3.20058,1.663546667,M,N,8.14244,Cell-3
74.81364,3.11024,1.616566667,M,N,8.07669,Cell-3
75.36273,3.03774,1.569963333,M,N,8.00981,Cell-3
75.91182,2.98246,1.523746667,L,Y,7.94179,Cell-3
75.91182,2.98246,1.523746667,L,Y,7.94179,Cell 03
11.11909,7.869665,2.726556667,H,N,8.8937,Cell-4
2.88273,2.284205,1.953683333,M,N,8.00981,Cell-4
0.13727,2.13902,1.722663333,L,Y,7.65835,Cell-4
0.68636,1.870835,1.769613333,L,Y,7.73091,Cell-4
1.23545,1.947915,1.816186667,L,Y,7.80234,Cell-4
1.78455,2.04209,1.862393333,L,Y,7.87263,Cell-4
2.33364,2.15399,1.908226667,L,Y,7.94179,Cell-4
3.43182,2.433335,1.998773333,M,N,8.07669,Cell-4
3.98091,2.60201,2.04348,M,N,8.14244,Cell-4
4.53,2.79082,2.3765,M,N,8.20705,Cell-4
5.07909,3.000365,2.426893333,M,N,8.27052,Cell-4
5.62818,3.23127,2.476916667,M,N,8.33285,Cell-4
6.17727,3.484135,2.52656,M,N,8.39405,Cell-4
6.72636,3.75956,2.575833333,M,N,8.45412,Cell-4
7.27545,4.05815,2.62474,M,N,8.51304,Cell-4
7.82455,4.38052,2.673266667,M,N,8.57083,Cell-4
8.37364,5.79153,2.479713333,M,N,8.62748,Cell-4
8.92273,6.154755,2.529826667,H,N,8.683,Cell-4
9.47182,6.543575,2.57957,H,N,8.73738,Cell-4
10.02091,6.95859,2.628933333,H,N,8.79062,Cell-4
10.57,7.40042,2.67793,H,N,8.84273,Cell-4
11.66818,8.366925,2.327133333,H,N,8.94353,Cell-4
12.21727,8.89282,2.37837,H,N,8.99223,Cell-4
12.76636,9.44795,2.42922,H,N,9.03979,Cell-4
13.31545,9.317435,2.275533333,H,N,9.08621,Cell-4
13.86455,8.53181,2.223556667,M,N,9.1315,Cell-4
14.41364,7.899525,2.171203333,M,N,9.17565,Cell-4
14.96273,7.29055,2.118486667,M,N,9.21866,Cell-4
15.51182,6.70483,2.065393333,M,N,9.26054,Cell-4
16.06091,6.14232,2.011923333,M,N,9.30128,Cell-4
16.61,6.66721,2.065303333,M,N,9.34088,Cell-4
17.15909,6.142435,2.118863333,M,N,9.37935,Cell-4
17.70818,5.640705,2.172046667,M,N,9.41668,Cell-4
18.25727,5.16198,2.224863333,M,N,9.45287,Cell-4
18.80636,4.7062,2.277306667,M,N,9.48793,Cell-4
19.35545,4.273325,2.329383333,M,N,9.52185,Cell-4
19.90455,3.863295,2.381083333,L,Y,9.55463,Cell-4
20.45364,3.47606,2.43241,L,Y,9.58628,Cell-4
21.00273,3.11158,2.48336,L,Y,9.61679,Cell-4
21.55182,2.769785,2.533943333,L,Y,9.64616,Cell-4
22.10091,2.45063,2.584156667,L,Y,9.6744,Cell-4
22.65,2.154065,2.63399,L,Y,9.7015,Cell-4
23.19909,1.88005,2.683453333,L,Y,9.72746,Cell-4
23.74818,1.62852,2.73254,L,Y,9.75229,Cell-4
24.29727,1.39943,2.781266667,L,Y,9.77598,Cell-4
24.84636,2.25698,2.120113333,L,Y,9.79853,Cell-4
25.39545,2.064095,2.173763333,M,N,9.81995,Cell-4
25.94455,1.796475,2.227046667,M,N,9.84023,Cell-4
26.49364,1.87412,2.627953333,M,N,9.85937,Cell-4
27.04273,1.96887,2.750953333,M,N,9.87738,Cell-4
27.59182,2.081335,2.796093333,M,N,9.89425,Cell-4
28.14091,2.212115,2.840866667,M,N,9.90998,Cell-4
28.69,2.36182,2.885273333,M,N,9.92458,Cell-4
29.23909,2.53106,2.929296667,M,N,9.93804,Cell-4
29.78818,2.720435,2.972963333,M,N,9.95037,Cell-4
30.33727,2.93055,3.016253333,M,N,9.96155,Cell-4
30.88636,3.162025,3.05917,M,N,9.9716,Cell-4
31.43545,3.41546,3.10172,H,N,9.98052,Cell-4
31.98455,3.69145,3.143903333,H,N,9.9883,Cell-4
32.53364,3.99061,3.185706667,H,N,9.99494,Cell-4
33.08273,5.3778,2.958063333,H,N,10.00044,Cell-4
33.63182,5.716605,3.001956667,H,N,10.00481,Cell-4
34.18091,6.080395,3.045493333,H,N,10.00804,Cell-4
34.73,6.46978,3.088653333,H,N,10.01013,Cell-4
35.27909,6.88537,3.13145,H,N,10.01109,Cell-4
35.82818,7.327765,3.17387,H,N,10.01091,Cell-4
36.37727,7.797575,3.215923333,H,N,10.0096,Cell-4
36.92636,8.29541,3.257606667,H,N,10.00715,Cell-4
37.47545,8.82187,3.29892,H,N,10.00356,Cell-4
38.02455,9.377565,3.339853333,H,N,9.99883,Cell-4
38.57364,9.24762,3.38043,H,N,9.99297,Cell-4
39.12273,9.178375,3.420626667,H,N,0.05734,Cell-4
39.67182,8.39389,1.945913333,H,N,0.20719,Cell-4
40.22091,7.76274,1.99371,H,N,0.35591,Cell-4
40.77,7.1549,2.041126667,M,N,0.5035,Cell-4
41.31909,7.63457,1.378663333,M,N,0.64994,Cell-4
41.86818,7.064675,1.431013333,M,N,0.79525,Cell-4
42.41727,6.517925,1.482986667,M,N,0.93943,Cell-4
42.96636,5.99428,1.534593333,M,N,1.08246,Cell-4
43.51545,5.49369,1.585816667,M,N,1.22436,Cell-4
44.06455,5.016105,1.636663333,M,N,1.36513,Cell-4
44.61364,4.561455,1.687143333,M,N,1.50476,Cell-4
45.16273,4.12972,1.73724,M,N,1.64325,Cell-4
45.71182,3.72083,1.78697,M,N,1.7806,Cell-4
46.26091,3.334725,1.836323333,M,N,1.91682,Cell-4
46.81,2.97138,1.885306667,M,N,2.0519,Cell-4
47.35909,2.630725,1.93391,M,N,2.18584,Cell-4
47.90818,2.31271,1.982133333,M,N,2.31865,Cell-4
48.45727,2.01728,2.02999,M,N,2.45032,Cell-4
49.00636,1.7444,2.077476667,M,N,2.58085,Cell-4
49.55545,2.55826,1.415083333,L,Y,2.71025,Cell-4
50.10455,2.321785,1.467493333,L,Y,2.83851,Cell-4
50.65364,2.107695,1.519526667,L,Y,2.96564,Cell-4
51.20273,1.91594,1.571193333,L,Y,2.52358,Cell-4
51.75182,1.64946,1.622486667,L,Y,2.51914,Cell-4
52.30091,1.728245,1.673403333,L,Y,2.5147,Cell-4
52.85,1.824125,1.723943333,L,Y,2.51027,Cell-4
53.39909,1.93773,1.77411,M,N,2.50585,Cell-4
53.94818,2.06965,1.8239,M,N,2.50144,Cell-4
54.49727,2.220485,1.873323333,M,N,2.49704,Cell-4
55.04636,2.39086,1.922366667,M,N,2.49264,Cell-4
55.59545,2.581375,1.97104,M,N,2.48825,Cell-4
56.14455,2.79263,2.019333333,M,N,2.48387,Cell-4
56.69364,3.02524,2.06725,M,N,2.4795,Cell-4
57.24273,3.27981,2.114796667,M,N,2.47513,Cell-4
57.79182,4.62119,1.452473333,M,N,2.47078,Cell-4
58.34091,4.912965,1.504943333,M,N,2.46643,Cell-4
58.89,5.228515,1.557056667,M,N,2.46208,Cell-4
59.43909,5.56845,1.608783333,M,N,2.45775,Cell-4
59.98818,5.93338,1.660146667,M,N,4.95284,Cell-4
60.53727,6.323905,1.711123333,M,N,5.05951,Cell-4
61.08636,6.740625,2.761733333,M,N,5.16503,Cell-4
61.63545,7.18416,2.81197,M,N,5.26943,Cell-4
62.18455,7.65511,2.86183,M,N,5.37268,Cell-4
62.73364,8.154075,2.911313333,M,N,5.4748,Cell-4
63.28273,8.68167,2.960426667,M,N,5.57578,Cell-4
63.83182,9.238505,3.57616,M,N,5.67562,Cell-4
64.38091,9.1097,3.47251,H,N,5.77433,Cell-4
64.93,8.32578,2.153126667,H,N,5.8719,Cell-4
65.47909,7.6952,2.10551,H,N,5.96834,Cell-4
66.02818,8.15218,1.490863333,H,N,6.06364,Cell-4
66.57727,7.559645,1.543403333,H,N,6.1578,Cell-4
67.12636,6.990315,1.595576667,H,N,6.25082,Cell-4
67.67545,6.44413,1.647383333,H,N,6.34271,Cell-4
68.22455,5.92106,1.698806667,M,N,6.43346,Cell-4
68.77364,5.421035,1.749853333,M,N,6.52308,Cell-4
69.32273,4.944015,2.056163333,M,N,6.61156,Cell-4
69.87182,4.48994,2.10077,H,N,6.6989,Cell-4
70.42091,4.05877,2.14501,H,N,6.78511,Cell-4
70.97,3.650445,2.188873333,H,N,6.87017,Cell-4
71.51909,3.26491,2.232366667,H,N,6.95411,Cell-4
72.06818,2.902135,2.27548,H,N,7.0369,Cell-4
72.61727,2.56205,2.318223333,M,N,7.11856,Cell-4
73.16636,2.2446,2.36059,M,N,7.19908,Cell-4
73.71545,1.94974,2.402586667,M,N,7.27847,Cell-4
74.26455,2.74168,1.734713333,L,Y,7.35672,Cell-4
74.81364,2.483335,1.781643333,L,Y,7.43383,Cell-4
75.36273,2.247425,1.828196667,L,Y,7.5098,Cell-4
75.91182,2.0339,1.874383333,L,Y,7.58464,Cell-4
75.91182,2.0339,1.874383333,L,Y,7.58464,Cell 04
11.11909,2.785425,1.88887,H,N,9.99297,Cell-5
0.13727,10.469715,2.03892,M,N,9.89425,Cell-5
0.68636,10.397625,2.1901,M,N,9.90998,Cell-5
1.23545,10.3851,2.34244,M,N,9.92458,Cell-5
1.78455,9.6858,2.49592,M,N,9.93804,Cell-5
2.33364,9.014595,2.65054,M,N,9.95037,Cell-5
2.88273,8.370885,0.66075,M,N,9.96155,Cell-5
3.43182,8.23629,0.80062,M,N,9.9716,Cell-5
3.98091,7.75406,0.94163,H,N,9.98052,Cell-5
4.53,7.67994,1.08378,H,N,9.9883,Cell-5
5.07909,7.14865,1.22708,H,N,9.99494,Cell-5
5.62818,6.641825,1.37153,H,N,10.00044,Cell-5
6.17727,6.15885,1.51713,H,N,10.00481,Cell-5
6.72636,5.699125,1.66386,H,N,10.00804,Cell-5
7.27545,5.26204,1.81174,H,N,10.01013,Cell-5
7.82455,4.84699,1.96077,H,N,10.01109,Cell-5
8.37364,4.453365,2.11094,H,N,10.01091,Cell-5
8.92273,4.080555,2.26225,H,N,10.0096,Cell-5
9.47182,3.72797,2.41472,H,N,10.00715,Cell-5
10.02091,3.39499,2.56832,H,N,10.00356,Cell-5
10.57,3.081005,2.03892,H,N,9.99883,Cell-5
11.66818,2.50763,0.41057,H,N,0.05734,Cell-5
12.21727,9.82542,0.26992,H,N,0.20719,Cell-5
12.76636,9.33333,0.13041,H,N,0.35591,Cell-5
13.31545,8.863415,0.00797,H,N,0.5035,Cell-5
13.86455,8.41562,0.14521,H,N,0.64994,Cell-5
14.41364,7.989895,0.2813,H,N,0.79525,Cell-5
14.96273,7.58618,0.41625,H,N,0.93943,Cell-5
15.51182,7.20444,0.55006,H,N,1.08246,Cell-5
16.06091,6.84461,0.68273,H,N,1.22436,Cell-5
16.61,5.4424,1.31424,M,N,1.36513,Cell-5
17.15909,5.134765,1.16681,M,N,1.50476,Cell-5
17.70818,4.848905,1.02051,M,N,1.64325,Cell-5
18.25727,4.58476,0.87535,M,N,1.7806,Cell-5
18.80636,4.34226,0.73134,M,N,1.91682,Cell-5
19.35545,4.121385,0.58847,M,N,2.0519,Cell-5
19.90455,3.922065,0.44673,M,N,2.18584,Cell-5
20.45364,3.74424,0.30614,M,N,2.31865,Cell-5
21.00273,3.58787,0.16669,M,N,2.45032,Cell-5
21.55182,3.452915,0.02838,M,N,2.58085,Cell-5
22.10091,3.33931,0.10879,M,N,2.71025,Cell-5
22.65,3.247005,0.24482,M,N,2.83851,Cell-5
23.19909,3.17595,0.37971,M,N,2.96564,Cell-5
23.74818,3.1261,0.51346,M,N,2.52358,Cell-5
24.29727,3.00038,0.64606,M,N,2.51914,Cell-5
24.84636,2.15454,1.35098,M,N,2.5147,Cell-5
25.39545,2.397435,1.20361,M,N,2.51027,Cell-5
25.94455,2.656915,1.05738,M,N,2.50585,Cell-5
26.49364,2.93358,2.235002,M,N,2.50144,Cell-5
27.04273,3.22802,2.231064,M,N,2.49704,Cell-5
27.59182,3.540865,2.227137,M,N,2.49264,Cell-5
28.14091,3.872715,2.22321,M,N,2.48825,Cell-5
28.69,4.22416,2.219305,L,Y,2.48387,Cell-5
29.23909,4.59583,2.215389,L,Y,2.4795,Cell-5
29.78818,4.988325,2.211495,L,Y,2.47513,Cell-5
30.33727,5.40224,2.207601,L,Y,2.47078,Cell-5
30.88636,5.838185,2.203707,L,Y,2.46643,Cell-5
31.43545,6.29677,2.199835,L,Y,2.46208,Cell-5
31.98455,6.77861,2.195963,L,Y,2.45775,Cell-5
32.53364,7.2843,2.192091,M,N,4.95284,Cell-5
33.08273,6.7502,2.18823,M,N,5.05951,Cell-5
33.63182,7.313935,2.18438,M,N,5.16503,Cell-5
34.18091,7.903345,2.18053,H,N,5.26943,Cell-5
34.73,8.51904,1.95021,H,N,5.37268,Cell-5
35.27909,9.16161,1.80633,H,N,5.4748,Cell-5
35.82818,9.831675,1.66359,H,N,5.57578,Cell-5
36.37727,10.529845,1.3887,H,N,5.67562,Cell-5
36.92636,10.54123,1.2414,H,N,5.77433,Cell-5
37.47545,9.89637,1.09524,H,N,5.8719,Cell-5
38.02455,9.403715,0.90403,H,N,5.96834,Cell-5
38.57364,8.93323,0.98153,H,N,6.06364,Cell-5
39.12273,8.484865,0.94221,H,N,6.1578,Cell-5
39.67182,8.05857,0.90403,H,N,6.25082,Cell-5
40.22091,7.65429,0.43727,H,N,6.34271,Cell-5
40.77,7.27198,0.56974,H,N,6.43346,Cell-5
41.31909,5.84733,1.42743,H,N,6.52308,Cell-5
41.86818,5.517325,1.53583,H,N,6.61156,Cell-5
42.41727,5.209125,1.38404,H,N,6.6989,Cell-5
42.96636,4.9227,1.23339,H,N,6.78511,Cell-5
43.51545,4.65798,1.08389,H,N,6.87017,Cell-5
44.06455,4.414915,0.93553,H,N,6.95411,Cell-5
44.61364,4.193475,0.7883,H,N,7.0369,Cell-5
45.16273,3.99358,0.64223,M,N,7.11856,Cell-5
45.71182,3.81519,0.49729,M,N,7.19908,Cell-5
46.26091,3.658255,0.35349,M,N,7.27847,Cell-5
46.81,3.52273,0.21084,M,N,7.35672,Cell-5
47.35909,3.408555,0.06933,M,N,7.43383,Cell-5
47.90818,3.31568,0.07104,M,N,7.5098,Cell-5
48.45727,3.24406,0.21027,L,Y,7.58464,Cell-5
49.00636,3.19364,0.34835,L,Y,7.65835,Cell-5
49.55545,2.0031,1.64321,L,Y,7.73091,Cell-5
50.10455,2.229465,1.49036,L,Y,7.80234,Cell-5
50.65364,2.471795,1.33865,L,Y,7.87263,Cell-5
51.20273,2.73071,1.18808,L,Y,7.94179,Cell-5
51.75182,3.0068,1.03866,L,Y,8.00981,Cell-5
52.30091,3.300675,0.89038,L,Y,8.07669,Cell-5
52.85,3.612955,0.74323,L,Y,8.14244,Cell-5
53.39909,3.94423,0.88592,M,N,8.20705,Cell-5
53.94818,4.29511,0.74749,M,N,8.27052,Cell-5
54.49727,4.666215,0.6102,M,N,8.33285,Cell-5
55.04636,5.05814,0.47405,M,N,8.39405,Cell-5
55.59545,5.471485,0.33905,M,N,8.45412,Cell-5
56.14455,5.90686,0.2052,M,N,8.51304,Cell-5
56.69364,6.36488,1.21874,M,N,8.57083,Cell-5
57.24273,6.84615,1.36051,M,N,8.62748,Cell-5
57.79182,6.28702,1.50341,H,N,8.683,Cell-5
58.34091,6.825125,1.64746,H,N,8.73738,Cell-5
58.89,7.388295,1.79266,H,N,8.79062,Cell-5
59.43909,7.97714,1.93899,H,N,8.84273,Cell-5
59.98818,8.59226,2.207601,H,N,8.8937,Cell-5
60.53727,9.234265,2.211495,H,N,8.94353,Cell-5
61.08636,9.903765,2.215389,H,N,8.99223,Cell-5
61.63545,10.60136,0.93864,H,N,9.03979,Cell-5
62.18455,10.61218,0.80031,H,N,9.08621,Cell-5
62.73364,9.966755,0.66311,M,N,9.1315,Cell-5
63.28273,9.47353,0.52706,M,N,9.17565,Cell-5
63.83182,9.002475,0.39215,M,N,9.21866,Cell-5
64.38091,8.55354,0.25839,M,N,9.26054,Cell-5
64.93,8.12668,0.12577,M,N,9.30128,Cell-5
65.47909,7.72183,0.00571,M,N,9.34088,Cell-5
66.02818,6.2747,1.99246,M,N,9.37935,Cell-5
66.57727,5.922255,1.84622,M,N,9.41668,Cell-5
67.12636,5.591685,1.70112,M,N,9.45287,Cell-5
67.67545,5.28292,1.55716,M,N,9.48793,Cell-5
68.22455,4.99592,1.41436,M,N,9.52185,Cell-5
68.77364,4.730635,1.27269,L,Y,9.55463,Cell-5
69.32273,4.487005,1.13216,L,Y,9.58628,Cell-5
69.87182,4.26499,0.99278,L,Y,9.61679,Cell-5
70.42091,4.06453,0.85454,L,Y,9.64616,Cell-5
70.97,3.885575,0.71744,L,Y,9.6744,Cell-5
71.51909,3.72807,0.58148,L,Y,9.7015,Cell-5
72.06818,3.591975,0.44667,L,Y,9.72746,Cell-5
72.61727,3.47723,0.313,L,Y,9.75229,Cell-5
73.16636,3.38379,0.18048,L,Y,9.77598,Cell-5
73.71545,3.3116,0.0491,L,Y,9.79853,Cell-5
74.26455,2.19636,2.04736,M,N,9.81995,Cell-5
74.81364,2.078025,1.90122,M,N,9.84023,Cell-5
75.36273,2.303825,2.43432,M,N,9.85937,Cell-5
75.91182,2.54559,2.28181,M,N,9.87738,Cell-5